Value 1,Result, 
51,7.14142842854285,
972,31.176914536239792,
570,23.874672772626646,
881,29.68164415931166,
540,23.2379000772445,
368,19.183326093250876,
17,4.123105625617661,
245,15.652475842498529,
90,9.486832980505138,
732,27.055498516937366,
3,1.7320508075688772,
292,17.08800749063506,
53,7.280109889280518,
925,30.4138126514911,
323,17.97220075561143,
4,2,
632,25.13961017995307,
809,28.442925306655784,